<GWizExceptions>
  <Exception Name="AmericanExpress.GDU.Utilities.ExceptionMgmt.GenericException">
    <ErrorCode>8050</ErrorCode>
    <ErrorMsg>Some Error Occurred. Please contact your administrator if reoccurs</ErrorMsg>
  </Exception>
  <Exception Name="AmericanExpress.GDU.Utilities.ExceptionMgmt.GenericException">
    <ErrorCode>8051</ErrorCode>
    <ErrorMsg>Record(s) could not be saved.</ErrorMsg>
  </Exception>
  <Exception Name="System.NullReference">
    <ErrorCode>8000</ErrorCode>
    <ErrorMsg>Some Error Occurred. Please contact your administrator if reoccurs</ErrorMsg>
  </Exception>
  <Exception Name="AmericanExpress.GDU.Utilities.ExceptionMgmt.CarrierExistsException">
    <ErrorCode>9000</ErrorCode>
    <ErrorMsg>This Carrier already exists</ErrorMsg>
  </Exception>
  <Exception Name="AmericanExpress.GDU.Utilities.ExceptionMgmt.CarrierUpdateException">
    <ErrorCode>9001</ErrorCode>
    <ErrorMsg>This Carrier already updated by another user</ErrorMsg>
  </Exception>
  <Exception Name="AmericanExpress.GDU.Utilities.ExceptionMgmt.CarrierDeactivateException">
    <ErrorCode>9002</ErrorCode>
    <ErrorMsg>This Carrier already deactivated by another user</ErrorMsg>
  </Exception>
  <Exception Name="AmericanExpress.GDU.Utilities.ExceptionMgmt.UserExistsException">
    <ErrorCode>9100</ErrorCode>
    <ErrorMsg>This User already exists</ErrorMsg>
  </Exception>
  <Exception Name="AmericanExpress.GDU.Utilities.ExceptionMgmt.UserUpdateException">
    <ErrorCode>9101</ErrorCode>
    <ErrorMsg>This User already updated by another user</ErrorMsg>
  </Exception>
  <Exception Name="AmericanExpress.GDU.Utilities.ExceptionMgmt.UserDeactivateException">
    <ErrorCode>9102</ErrorCode>
    <ErrorMsg>This User already deactivated by another user</ErrorMsg>
  </Exception>
  <Exception Name="System.NullReferenceException">
    <ErrorCode>9103</ErrorCode>
    <ErrorMsg>Some Error Occurred.</ErrorMsg>
  </Exception>
  <Exception Name="AmericanExpress.GDU.Utilities.ExceptionMgmt.DatabaseDownException">
    <ErrorCode>9104</ErrorCode>
    <ErrorMsg>Database is down.</ErrorMsg>
  </Exception>
  <Exception Name="AmericanExpress.GDU.Utilities.ExceptionMgmt.IndexOutOfRangeTaxException">
    <ErrorCode>9105</ErrorCode>
    <ErrorMsg>Index is out of range.</ErrorMsg>
  </Exception>
  <Exception Name="AmericanExpress.GDU.Utilities.ExceptionMgmt.ServiceConnectionException">
    <ErrorCode>9106</ErrorCode>
    <ErrorMsg>failed to connect the service.</ErrorMsg>
  </Exception>
  <Exception Name="AmericanExpress.GDU.Utilities.ExceptionMgmt.GenericException">
    <ErrorCode>9107</ErrorCode>
    <ErrorMsg>File could not be uploaded on SharePoint server.</ErrorMsg>
  </Exception>
  <Exception Name="AmericanExpress.GDU.Utilities.ExceptionMgmt.GenericException">
    <ErrorCode>9876</ErrorCode>
    <ErrorMsg>No user Exists for this Feedback in Database.</ErrorMsg>
  </Exception>
  <Exception Name="AmericanExpress.GDU.Utilities.ExceptionMgmt.NotAuthorized">
    <ErrorCode>7001</ErrorCode>
    <ErrorMsg>You are not authorized to view this page.</ErrorMsg>
  </Exception>
  <Exception Name="AmericanExpress.GDU.Utilities.ExceptionMgmt.GenericException">
    <ErrorCode>9108</ErrorCode>
    <ErrorMsg>Account Code already exists.</ErrorMsg>
  </Exception>
  <Exception Name="AmericanExpress.GDU.Utilities.ExceptionMgmt.GenericException">
    <ErrorCode>9109</ErrorCode>
    <ErrorMsg>Acccount Name already exists.</ErrorMsg>
  </Exception>
  <Exception Name="AmericanExpress.GDU.Utilities.ExceptionMgmt.GenericException">
    <ErrorCode>9111</ErrorCode>
    <ErrorMsg>Country Code already exists.</ErrorMsg>
  </Exception>
  <Exception Name="AmericanExpress.GDU.Utilities.ExceptionMgmt.GenericException">
    <ErrorCode>9112</ErrorCode>
    <ErrorMsg>Country Name already exists.</ErrorMsg>
  </Exception>

  <Exception Name="AmericanExpress.GDU.Utilities.ExceptionMgmt.GenericException">
    <ErrorCode>9113</ErrorCode>
    <ErrorMsg>City Code already exists.</ErrorMsg>
  </Exception>
  <Exception Name="AmericanExpress.GDU.Utilities.ExceptionMgmt.GenericException">
    <ErrorCode>9114</ErrorCode>
    <ErrorMsg>City Name already exists.</ErrorMsg>
  </Exception>
  <Exception Name="AmericanExpress.GDU.Utilities.ExceptionMgmt.GenericException">
    <ErrorCode>9115</ErrorCode>
    <ErrorMsg>Search box should't be left blank!.</ErrorMsg>
  </Exception>

  <Exception Name="AmericanExpress.GDU.Utilities.ExceptionMgmt.GenericException">
    <ErrorCode>9116</ErrorCode>
    <ErrorMsg>No record(s) found!.</ErrorMsg>
  </Exception>

  <Exception Name="AmericanExpress.GDU.Utilities.ExceptionMgmt.GenericException">
    <ErrorCode>9117</ErrorCode>
    <ErrorMsg>
      The box has special characters.These are not allowed</ErrorMsg>
  </Exception>
  <Exception Name="AmericanExpress.GDU.Utilities.ExceptionMgmt.GenericException">
    <ErrorCode>12000</ErrorCode>
    <ErrorMsg>Common characters can't be searched.</ErrorMsg>
  </Exception>
  <Exception Name="AmericanExpress.GDU.Utilities.ExceptionMgmt.GenericException">
    <ErrorCode>12002</ErrorCode>
    <ErrorMsg>Your search can't be completed due to special characters.</ErrorMsg>
  </Exception>
  <Exception Name="AmericanExpress.GDU.Utilities.ExceptionMgmt.GenericException">
    <ErrorCode>9118</ErrorCode>
    <ErrorMsg>Client Code already exists.</ErrorMsg>
  </Exception>
  <Exception Name="AmericanExpress.GDU.Utilities.ExceptionMgmt.GenericException">
    <ErrorCode>9119</ErrorCode>
    <ErrorMsg>Client Name already exists.</ErrorMsg>
  </Exception>
  <Exception Name="AmericanExpress.GDU.Utilities.ExceptionMgmt.GenericException">
    <ErrorCode>9120</ErrorCode>
    <ErrorMsg>Cannot Deactivate the Client as it has active Role associated with it.</ErrorMsg>
  </Exception>
  <Exception Name="AmericanExpress.GDU.Utilities.ExceptionMgmt.GenericException">
    <ErrorCode>1021</ErrorCode>
    <ErrorMsg>The role for the client already exists.</ErrorMsg>
  </Exception>
  <Exception Name="AmericanExpress.GDU.Utilities.ExceptionMgmt.GenericException">
    <ErrorCode>1022</ErrorCode>
    <ErrorMsg>The role name for the client already exists.</ErrorMsg>
  </Exception>
  <Exception Name="AmericanExpress.GDU.Utilities.ExceptionMgmt.GenericException">
    <ErrorCode>1011</ErrorCode>
    <ErrorMsg>The role update did not succeed.</ErrorMsg>
  </Exception>
  <Exception Name="AmericanExpress.GDU.Utilities.ExceptionMgmt.GenericException">
    <ErrorCode>1012</ErrorCode>
    <ErrorMsg>The role delete did not succeed.</ErrorMsg>
  </Exception>
  <Exception Name="AmericanExpress.GDU.Utilities.ExceptionMgmt.GenericException">
    <ErrorCode>1013</ErrorCode>
    <ErrorMsg>Cannot Deactivate the Role as it is assigned to user</ErrorMsg>
  </Exception>
  <Exception Name="AmericanExpress.GDU.Utilities.ExceptionMgmt.GenericException"> 
    <ErrorCode>1021</ErrorCode> 
    <ErrorMsg>The role code or role name for the client already exists.</ErrorMsg> 
  </Exception>



	<Exception Name="AmericanExpress.GDU.Utilities.ExceptionMgmt.GenericException">
		<ErrorCode>9121</ErrorCode>
		<ErrorMsg>Application Abbreviation name already exists.</ErrorMsg>
	</Exception>
	<Exception Name="AmericanExpress.GDU.Utilities.ExceptionMgmt.GenericException">
		<ErrorCode>9122</ErrorCode>
		<ErrorMsg>Application Exe name already exists.</ErrorMsg>
	</Exception>
	<Exception Name="AmericanExpress.GDU.Utilities.ExceptionMgmt.GenericException">
		<ErrorCode>9123</ErrorCode>
		<ErrorMsg>Application name already exists.</ErrorMsg>
	</Exception>
	<Exception Name="AmericanExpress.GDU.Utilities.ExceptionMgmt.GenericException">
		<ErrorCode>9124</ErrorCode>
		<ErrorMsg>Application entry point name already exists.</ErrorMsg>
	</Exception>

	<Exception Name="AmericanExpress.GDU.Utilities.ExceptionMgmt.GenericException">
		<ErrorCode>1400</ErrorCode>
		<ErrorMsg>Group name already exists.</ErrorMsg>
	</Exception>

</GWizExceptions>