<publishData>
  <publishTarget publishUrl="C:\Documents and Settings\Rahul.Saxena\Desktop\PUBLISH\Service\">
    <file relUrl="bin/AmericanExpress.GWiz.Util.DataAccessHelper.dll" publishTime="08/27/2012 16:02:31" />
    <file relUrl="bin/AmericanExpress.GWiz.BusinessEntities.dll" publishTime="08/27/2012 16:02:09" />
    <file relUrl="bin/AmericanExpress.Util.Logging.dll" publishTime="10/28/2010 13:10:06" />
    <file relUrl="bin/GWiz_Service.dll" publishTime="11/19/2010 12:53:45" />
    <file relUrl="Web.config" publishTime="08/27/2012 12:19:41" />
    <file relUrl="bin/AmericanExpress.GWiz.GWizService.dll" publishTime="08/27/2012 16:02:28" />
    <file relUrl="bin/AmericanExpress.GWiz.Service.DataContracts.pdb" publishTime="08/27/2012 16:02:05" />
    <file relUrl="bin/AmericanExpress.Util.RDBMSServices.dll" publishTime="10/28/2010 13:09:24" />
    <file relUrl="bin/AmericanExpress.GWiz.Util.DBSchemaHelper.dll" publishTime="08/27/2012 16:02:33" />
    <file relUrl="bin/AmericanExpress.GWiz.Service.ServiceContract.pdb" publishTime="08/27/2012 16:02:16" />
    <file relUrl="bin/AmericanExpress.GWiz.Service.ServiceImplimentation.pdb" publishTime="08/27/2012 16:02:23" />
    <file relUrl="Service.svc" publishTime="10/11/2010 09:47:42" />
    <file relUrl="bin/AmericanExpress.GWiz.Utilities.ExceptionMgmt.dll" publishTime="08/27/2012 16:02:20" />
    <file relUrl="bin/AmericanExpress.GWiz.Utilities.ExceptionMgmt.pdb" publishTime="08/27/2012 16:02:20" />
    <file relUrl="bin/AmericanExpress.GWiz.Utilities.DependencyInjector.pdb" publishTime="08/27/2012 16:02:19" />
    <file relUrl="bin/AmericanExpress.GWiz.BusinessInterface.pdb" publishTime="08/27/2012 16:02:17" />
    <file relUrl="bin/AmericanExpress.GWiz.Utilities.DependencyInjector.dll" publishTime="08/27/2012 16:02:19" />
    <file relUrl="bin/AmericanExpress.GWiz.BusinessLogic.pdb" publishTime="08/27/2012 16:02:49" />
    <file relUrl="bin/AmericanExpress.GWiz.Service.ServiceImplimentation.dll" publishTime="08/27/2012 16:02:24" />
    <file relUrl="bin/AmericanExpress.GWiz.GWizService.pdb" publishTime="08/27/2012 16:02:28" />
    <file relUrl="bin/AmericanExpress.Util.CommonUtilities.dll" publishTime="10/28/2010 13:09:24" />
    <file relUrl="bin/AmericanExpress.GWiz.Service.MessageContracts.dll" publishTime="08/27/2012 16:02:14" />
    <file relUrl="bin/AmericanExpress.GWiz.Service.DataContracts.dll" publishTime="08/27/2012 16:02:06" />
    <file relUrl="bin/AmericanExpress.GWiz.Utilities.Diagnostics.pdb" publishTime="08/27/2012 16:02:10" />
    <file relUrl="bin/AmericanExpress.GWiz.Utilities.Diagnostics.dll" publishTime="08/27/2012 16:02:10" />
    <file relUrl="bin/AmericanExpress.GWiz.BusinessEntities.pdb" publishTime="08/27/2012 16:02:08" />
    <file relUrl="bin/AmericanExpress.GWiz.Service.MessageContracts.pdb" publishTime="08/27/2012 16:02:14" />
    <file relUrl="bin/AmericanExpress.GWiz.BusinessLogic.dll" publishTime="08/27/2012 16:02:49" />
    <file relUrl="bin/AmericanExpress.GWiz.Util.DataAccessHelper.pdb" publishTime="08/27/2012 16:02:31" />
    <file relUrl="bin/AmericanExpress.GWiz.Service.ServiceContract.dll" publishTime="08/27/2012 16:02:16" />
    <file relUrl="bin/AmericanExpress.GWiz.Util.DBSchemaHelper.pdb" publishTime="08/27/2012 16:02:32" />
    <file relUrl="bin/AmericanExpress.GWiz.BusinessInterface.dll" publishTime="08/27/2012 16:02:18" />
  </publishTarget>
  <publishTarget publishUrl="C:\Documents and Settings\Rahul.Saxena\Desktop\PUBLISH\GWiz\">
    <file relUrl="bin/AmericanExpress.GWiz.Util.DataAccessHelper.dll" publishTime="12/13/2011 00:12:07" />
    <file relUrl="bin/AmericanExpress.GWiz.BusinessEntities.dll" publishTime="12/13/2011 00:11:51" />
    <file relUrl="bin/AmericanExpress.Util.Logging.dll" publishTime="10/28/2010 13:10:06" />
    <file relUrl="bin/AmericanExpress.GWiz.Service.ServiceImplimentation.dll" publishTime="12/13/2011 00:12:00" />
    <file relUrl="bin/GWiz_Service.dll" publishTime="11/19/2010 12:53:45" />
    <file relUrl="Web.config" publishTime="12/07/2011 14:56:36" />
    <file relUrl="bin/AmericanExpress.GWiz.GWizService.dll" publishTime="12/13/2011 00:12:05" />
    <file relUrl="bin/AmericanExpress.GWiz.Service.DataContracts.pdb" publishTime="12/13/2011 00:11:50" />
    <file relUrl="bin/AmericanExpress.Util.RDBMSServices.dll" publishTime="10/28/2010 13:09:24" />
    <file relUrl="bin/AmericanExpress.GWiz.Service.ServiceContract.pdb" publishTime="12/13/2011 00:11:55" />
    <file relUrl="Service.svc" publishTime="10/11/2010 09:47:42" />
    <file relUrl="bin/AmericanExpress.GWiz.Utilities.ExceptionMgmt.dll" publishTime="12/13/2011 00:11:58" />
    <file relUrl="bin/AmericanExpress.GWiz.Utilities.ExceptionMgmt.pdb" publishTime="12/13/2011 00:11:58" />
    <file relUrl="bin/AmericanExpress.GWiz.Utilities.DependencyInjector.pdb" publishTime="12/13/2011 00:11:57" />
    <file relUrl="bin/AmericanExpress.GWiz.BusinessInterface.pdb" publishTime="12/13/2011 00:11:56" />
    <file relUrl="bin/AmericanExpress.GWiz.Service.MessageContracts.dll" publishTime="12/13/2011 00:11:54" />
    <file relUrl="bin/AmericanExpress.GWiz.BusinessLogic.pdb" publishTime="12/13/2011 00:12:23" />
    <file relUrl="bin/AmericanExpress.GWiz.Utilities.DependencyInjector.dll" publishTime="12/13/2011 00:11:57" />
    <file relUrl="bin/AmericanExpress.GWiz.GWizService.pdb" publishTime="12/13/2011 00:12:04" />
    <file relUrl="bin/AmericanExpress.Util.CommonUtilities.dll" publishTime="10/28/2010 13:09:24" />
    <file relUrl="bin/AmericanExpress.GWiz.Service.ServiceImplimentation.pdb" publishTime="12/13/2011 00:12:00" />
    <file relUrl="bin/AmericanExpress.GWiz.Service.DataContracts.dll" publishTime="12/13/2011 00:11:50" />
    <file relUrl="bin/AmericanExpress.GWiz.Utilities.Diagnostics.pdb" publishTime="12/13/2011 00:11:52" />
    <file relUrl="bin/AmericanExpress.GWiz.Utilities.Diagnostics.dll" publishTime="12/13/2011 00:11:52" />
    <file relUrl="bin/AmericanExpress.GWiz.BusinessEntities.pdb" publishTime="12/13/2011 00:11:51" />
    <file relUrl="bin/AmericanExpress.GWiz.Service.MessageContracts.pdb" publishTime="12/13/2011 00:11:54" />
    <file relUrl="bin/AmericanExpress.GWiz.BusinessLogic.dll" publishTime="12/13/2011 00:12:23" />
    <file relUrl="bin/AmericanExpress.GWiz.Util.DataAccessHelper.pdb" publishTime="12/13/2011 00:12:07" />
    <file relUrl="bin/AmericanExpress.GWiz.Util.DBSchemaHelper.dll" publishTime="12/13/2011 00:12:08" />
    <file relUrl="bin/AmericanExpress.GWiz.Service.ServiceContract.dll" publishTime="12/13/2011 00:11:55" />
    <file relUrl="bin/AmericanExpress.GWiz.Util.DBSchemaHelper.pdb" publishTime="12/13/2011 00:12:08" />
    <file relUrl="bin/AmericanExpress.GWiz.BusinessInterface.dll" publishTime="12/13/2011 00:11:56" />
  </publishTarget>
  <publishTarget publishUrl="C:\Documents and Settings\Rahul.Saxena\Desktop\PUBLISH\SERVICES\">
    <file relUrl="bin/AmericanExpress.GWiz.Util.DataAccessHelper.dll" publishTime="11/15/2011 22:01:52" />
    <file relUrl="bin/AmericanExpress.GWiz.BusinessEntities.dll" publishTime="11/15/2011 22:01:41" />
    <file relUrl="bin/AmericanExpress.Util.Logging.dll" publishTime="10/28/2010 13:10:06" />
    <file relUrl="bin/AmericanExpress.GWiz.Service.ServiceImplimentation.dll" publishTime="11/15/2011 22:01:48" />
    <file relUrl="bin/GWiz_Service.dll" publishTime="11/19/2010 12:53:45" />
    <file relUrl="Web.config" publishTime="11/14/2011 16:23:01" />
    <file relUrl="bin/AmericanExpress.GWiz.GWizService.dll" publishTime="11/15/2011 22:01:50" />
    <file relUrl="bin/AmericanExpress.GWiz.Service.DataContracts.pdb" publishTime="11/15/2011 22:01:40" />
    <file relUrl="bin/AmericanExpress.Util.RDBMSServices.dll" publishTime="10/28/2010 13:09:24" />
    <file relUrl="bin/AmericanExpress.GWiz.Service.ServiceContract.pdb" publishTime="11/15/2011 22:01:43" />
    <file relUrl="Service.svc" publishTime="10/11/2010 09:47:42" />
    <file relUrl="bin/AmericanExpress.GWiz.Utilities.ExceptionMgmt.dll" publishTime="11/15/2011 22:01:46" />
    <file relUrl="bin/AmericanExpress.GWiz.Utilities.ExceptionMgmt.pdb" publishTime="11/15/2011 22:01:46" />
    <file relUrl="bin/AmericanExpress.GWiz.Utilities.DependencyInjector.pdb" publishTime="11/15/2011 22:01:45" />
    <file relUrl="bin/AmericanExpress.GWiz.BusinessInterface.pdb" publishTime="11/15/2011 22:01:44" />
    <file relUrl="bin/AmericanExpress.GWiz.Service.MessageContracts.dll" publishTime="11/15/2011 22:01:43" />
    <file relUrl="bin/AmericanExpress.GWiz.BusinessLogic.pdb" publishTime="11/15/2011 22:02:00" />
    <file relUrl="bin/AmericanExpress.GWiz.Utilities.DependencyInjector.dll" publishTime="11/15/2011 22:01:45" />
    <file relUrl="bin/AmericanExpress.GWiz.GWizService.pdb" publishTime="11/15/2011 22:01:50" />
    <file relUrl="bin/AmericanExpress.Util.CommonUtilities.dll" publishTime="10/28/2010 13:09:24" />
    <file relUrl="bin/AmericanExpress.GWiz.Service.ServiceImplimentation.pdb" publishTime="11/15/2011 22:01:47" />
    <file relUrl="bin/AmericanExpress.GWiz.Service.DataContracts.dll" publishTime="11/15/2011 22:01:40" />
    <file relUrl="bin/AmericanExpress.GWiz.Utilities.Diagnostics.pdb" publishTime="11/15/2011 22:01:41" />
    <file relUrl="bin/AmericanExpress.GWiz.Utilities.Diagnostics.dll" publishTime="11/15/2011 22:01:41" />
    <file relUrl="bin/AmericanExpress.GWiz.BusinessEntities.pdb" publishTime="11/15/2011 22:01:41" />
    <file relUrl="bin/AmericanExpress.GWiz.Service.MessageContracts.pdb" publishTime="11/15/2011 22:01:42" />
    <file relUrl="bin/AmericanExpress.GWiz.BusinessLogic.dll" publishTime="11/15/2011 22:02:00" />
    <file relUrl="bin/AmericanExpress.GWiz.Util.DataAccessHelper.pdb" publishTime="11/15/2011 22:01:52" />
    <file relUrl="bin/AmericanExpress.GWiz.Util.DBSchemaHelper.dll" publishTime="11/15/2011 22:01:52" />
    <file relUrl="bin/AmericanExpress.GWiz.Service.ServiceContract.dll" publishTime="11/15/2011 22:01:43" />
    <file relUrl="bin/AmericanExpress.GWiz.Util.DBSchemaHelper.pdb" publishTime="11/15/2011 22:01:52" />
    <file relUrl="bin/AmericanExpress.GWiz.BusinessInterface.dll" publishTime="11/15/2011 22:01:44" />
  </publishTarget>
  <publishTarget publishUrl="C:\Documents and Settings\Rahul.Saxena\Desktop\PUBLISH_16SEPT2011\Service\">
    <file relUrl="bin/AmericanExpress.GWiz.Util.DataAccessHelper.dll" publishTime="09/16/2011 17:29:04" />
    <file relUrl="bin/AmericanExpress.GWiz.BusinessEntities.dll" publishTime="09/16/2011 17:28:54" />
    <file relUrl="bin/AmericanExpress.Util.Logging.dll" publishTime="10/28/2010 13:10:06" />
    <file relUrl="bin/GWiz_Service.dll" publishTime="11/19/2010 12:53:45" />
    <file relUrl="Web.config" publishTime="09/12/2011 12:51:10" />
    <file relUrl="bin/AmericanExpress.GWiz.GWizService.dll" publishTime="09/16/2011 17:29:02" />
    <file relUrl="bin/AmericanExpress.GWiz.Service.DataContracts.pdb" publishTime="09/16/2011 17:28:53" />
    <file relUrl="bin/AmericanExpress.Util.RDBMSServices.dll" publishTime="10/28/2010 13:09:24" />
    <file relUrl="bin/AmericanExpress.GWiz.Util.DBSchemaHelper.dll" publishTime="09/16/2011 17:29:04" />
    <file relUrl="bin/AmericanExpress.GWiz.Service.ServiceContract.pdb" publishTime="09/16/2011 17:28:56" />
    <file relUrl="bin/AmericanExpress.GWiz.Service.ServiceImplimentation.pdb" publishTime="09/16/2011 17:29:00" />
    <file relUrl="Service.svc" publishTime="10/11/2010 09:47:42" />
    <file relUrl="bin/AmericanExpress.GWiz.Utilities.ExceptionMgmt.dll" publishTime="09/16/2011 17:28:58" />
    <file relUrl="bin/AmericanExpress.GWiz.Utilities.ExceptionMgmt.pdb" publishTime="09/16/2011 17:28:58" />
    <file relUrl="bin/AmericanExpress.GWiz.Utilities.DependencyInjector.pdb" publishTime="09/16/2011 17:28:58" />
    <file relUrl="bin/AmericanExpress.GWiz.BusinessInterface.pdb" publishTime="09/16/2011 17:28:57" />
    <file relUrl="bin/AmericanExpress.GWiz.Utilities.DependencyInjector.dll" publishTime="09/16/2011 17:28:58" />
    <file relUrl="bin/AmericanExpress.GWiz.BusinessLogic.pdb" publishTime="09/16/2011 17:29:12" />
    <file relUrl="bin/AmericanExpress.GWiz.Service.ServiceImplimentation.dll" publishTime="09/16/2011 17:29:00" />
    <file relUrl="bin/AmericanExpress.GWiz.GWizService.pdb" publishTime="09/16/2011 17:29:02" />
    <file relUrl="bin/AmericanExpress.Util.CommonUtilities.dll" publishTime="10/28/2010 13:09:24" />
    <file relUrl="bin/AmericanExpress.GWiz.Service.MessageContracts.dll" publishTime="09/16/2011 17:28:56" />
    <file relUrl="bin/AmericanExpress.GWiz.Service.DataContracts.dll" publishTime="09/16/2011 17:28:53" />
    <file relUrl="bin/AmericanExpress.GWiz.Utilities.Diagnostics.pdb" publishTime="09/16/2011 17:28:54" />
    <file relUrl="bin/AmericanExpress.GWiz.Utilities.Diagnostics.dll" publishTime="09/16/2011 17:28:55" />
    <file relUrl="bin/AmericanExpress.GWiz.BusinessEntities.pdb" publishTime="09/16/2011 17:28:54" />
    <file relUrl="bin/AmericanExpress.GWiz.Service.MessageContracts.pdb" publishTime="09/16/2011 17:28:56" />
    <file relUrl="bin/AmericanExpress.GWiz.BusinessLogic.dll" publishTime="09/16/2011 17:29:12" />
    <file relUrl="bin/AmericanExpress.GWiz.Util.DataAccessHelper.pdb" publishTime="09/16/2011 17:29:04" />
    <file relUrl="bin/AmericanExpress.GWiz.Service.ServiceContract.dll" publishTime="09/16/2011 17:28:57" />
    <file relUrl="bin/AmericanExpress.GWiz.Util.DBSchemaHelper.pdb" publishTime="09/16/2011 17:29:04" />
    <file relUrl="bin/AmericanExpress.GWiz.BusinessInterface.dll" publishTime="09/16/2011 17:28:57" />
  </publishTarget>
  <publishTarget publishUrl="C:\Documents and Settings\Rahul.Saxena\Desktop\PUBLISH_14Sept2011\Service\">
    <file relUrl="bin/AmericanExpress.GWiz.Util.DataAccessHelper.dll" publishTime="09/14/2011 19:38:09" />
    <file relUrl="bin/AmericanExpress.GWiz.BusinessEntities.dll" publishTime="09/14/2011 19:38:00" />
    <file relUrl="bin/AmericanExpress.Util.Logging.dll" publishTime="10/28/2010 13:10:06" />
    <file relUrl="bin/AmericanExpress.GWiz.Service.ServiceImplimentation.dll" publishTime="09/14/2011 19:38:06" />
    <file relUrl="bin/GWiz_Service.dll" publishTime="11/19/2010 12:53:45" />
    <file relUrl="Web.config" publishTime="09/12/2011 12:51:10" />
    <file relUrl="bin/AmericanExpress.GWiz.GWizService.dll" publishTime="09/14/2011 19:38:08" />
    <file relUrl="bin/AmericanExpress.GWiz.Service.DataContracts.pdb" publishTime="09/14/2011 19:37:58" />
    <file relUrl="bin/AmericanExpress.Util.RDBMSServices.dll" publishTime="10/28/2010 13:09:24" />
    <file relUrl="bin/AmericanExpress.GWiz.Service.ServiceContract.pdb" publishTime="09/14/2011 19:38:02" />
    <file relUrl="Service.svc" publishTime="10/11/2010 09:47:42" />
    <file relUrl="bin/AmericanExpress.GWiz.Utilities.ExceptionMgmt.dll" publishTime="09/14/2011 19:38:04" />
    <file relUrl="bin/AmericanExpress.GWiz.Utilities.ExceptionMgmt.pdb" publishTime="09/14/2011 19:38:04" />
    <file relUrl="bin/AmericanExpress.GWiz.Utilities.DependencyInjector.pdb" publishTime="09/14/2011 19:38:03" />
    <file relUrl="bin/AmericanExpress.GWiz.BusinessInterface.pdb" publishTime="09/14/2011 19:38:03" />
    <file relUrl="bin/AmericanExpress.GWiz.Service.MessageContracts.dll" publishTime="09/14/2011 19:38:01" />
    <file relUrl="bin/AmericanExpress.GWiz.BusinessLogic.pdb" publishTime="09/14/2011 19:38:17" />
    <file relUrl="bin/AmericanExpress.GWiz.Utilities.DependencyInjector.dll" publishTime="09/14/2011 19:38:03" />
    <file relUrl="bin/AmericanExpress.GWiz.GWizService.pdb" publishTime="09/14/2011 19:38:08" />
    <file relUrl="bin/AmericanExpress.Util.CommonUtilities.dll" publishTime="10/28/2010 13:09:24" />
    <file relUrl="bin/AmericanExpress.GWiz.Service.ServiceImplimentation.pdb" publishTime="09/14/2011 19:38:05" />
    <file relUrl="bin/AmericanExpress.GWiz.Service.DataContracts.dll" publishTime="09/14/2011 19:37:58" />
    <file relUrl="bin/AmericanExpress.GWiz.Utilities.Diagnostics.pdb" publishTime="09/14/2011 19:38:00" />
    <file relUrl="bin/AmericanExpress.GWiz.Utilities.Diagnostics.dll" publishTime="09/14/2011 19:38:00" />
    <file relUrl="bin/AmericanExpress.GWiz.BusinessEntities.pdb" publishTime="09/14/2011 19:37:59" />
    <file relUrl="bin/AmericanExpress.GWiz.Service.MessageContracts.pdb" publishTime="09/14/2011 19:38:01" />
    <file relUrl="bin/AmericanExpress.GWiz.BusinessLogic.dll" publishTime="09/14/2011 19:38:17" />
    <file relUrl="bin/AmericanExpress.GWiz.Util.DataAccessHelper.pdb" publishTime="09/14/2011 19:38:09" />
    <file relUrl="bin/AmericanExpress.GWiz.Util.DBSchemaHelper.dll" publishTime="09/14/2011 19:38:10" />
    <file relUrl="bin/AmericanExpress.GWiz.Service.ServiceContract.dll" publishTime="09/14/2011 19:38:02" />
    <file relUrl="bin/AmericanExpress.GWiz.Util.DBSchemaHelper.pdb" publishTime="09/14/2011 19:38:10" />
    <file relUrl="bin/AmericanExpress.GWiz.BusinessInterface.dll" publishTime="09/14/2011 19:38:03" />
  </publishTarget>
  <publishTarget publishUrl="C:\Documents and Settings\Rahul.Saxena\Desktop\PUBLISH_13Sept2011\">
    <file relUrl="bin/AmericanExpress.GWiz.Util.DataAccessHelper.dll" publishTime="09/13/2011 19:24:08" />
    <file relUrl="bin/AmericanExpress.GWiz.BusinessEntities.dll" publishTime="09/13/2011 19:23:57" />
    <file relUrl="bin/AmericanExpress.Util.Logging.dll" publishTime="10/28/2010 13:10:06" />
    <file relUrl="bin/GWiz_Service.dll" publishTime="11/19/2010 12:53:45" />
    <file relUrl="Web.config" publishTime="09/12/2011 12:51:10" />
    <file relUrl="bin/AmericanExpress.GWiz.GWizService.dll" publishTime="09/13/2011 19:24:07" />
    <file relUrl="bin/AmericanExpress.GWiz.Service.DataContracts.pdb" publishTime="09/13/2011 19:23:55" />
    <file relUrl="bin/AmericanExpress.Util.RDBMSServices.dll" publishTime="10/28/2010 13:09:24" />
    <file relUrl="bin/AmericanExpress.GWiz.Util.DBSchemaHelper.dll" publishTime="09/13/2011 19:24:09" />
    <file relUrl="bin/AmericanExpress.GWiz.Service.ServiceContract.pdb" publishTime="09/13/2011 19:24:00" />
    <file relUrl="bin/AmericanExpress.GWiz.Service.ServiceImplimentation.pdb" publishTime="09/13/2011 19:24:04" />
    <file relUrl="Service.svc" publishTime="10/11/2010 09:47:42" />
    <file relUrl="bin/AmericanExpress.GWiz.Utilities.ExceptionMgmt.dll" publishTime="09/13/2011 19:24:02" />
    <file relUrl="bin/AmericanExpress.GWiz.Utilities.ExceptionMgmt.pdb" publishTime="09/13/2011 19:24:02" />
    <file relUrl="bin/AmericanExpress.GWiz.Utilities.DependencyInjector.pdb" publishTime="09/13/2011 19:24:01" />
    <file relUrl="bin/AmericanExpress.GWiz.BusinessInterface.pdb" publishTime="09/13/2011 19:24:01" />
    <file relUrl="bin/AmericanExpress.GWiz.Utilities.DependencyInjector.dll" publishTime="09/13/2011 19:24:02" />
    <file relUrl="bin/AmericanExpress.GWiz.BusinessLogic.pdb" publishTime="09/13/2011 19:24:17" />
    <file relUrl="bin/AmericanExpress.GWiz.Service.ServiceImplimentation.dll" publishTime="09/13/2011 19:24:04" />
    <file relUrl="bin/AmericanExpress.GWiz.GWizService.pdb" publishTime="09/13/2011 19:24:07" />
    <file relUrl="bin/AmericanExpress.Util.CommonUtilities.dll" publishTime="10/28/2010 13:09:24" />
    <file relUrl="bin/AmericanExpress.GWiz.Service.MessageContracts.dll" publishTime="09/13/2011 19:23:59" />
    <file relUrl="bin/AmericanExpress.GWiz.Service.DataContracts.dll" publishTime="09/13/2011 19:23:55" />
    <file relUrl="bin/AmericanExpress.GWiz.Utilities.Diagnostics.pdb" publishTime="09/13/2011 19:23:57" />
    <file relUrl="bin/AmericanExpress.GWiz.Utilities.Diagnostics.dll" publishTime="09/13/2011 19:23:58" />
    <file relUrl="bin/AmericanExpress.GWiz.BusinessEntities.pdb" publishTime="09/13/2011 19:23:57" />
    <file relUrl="bin/AmericanExpress.GWiz.Service.MessageContracts.pdb" publishTime="09/13/2011 19:23:59" />
    <file relUrl="bin/AmericanExpress.GWiz.BusinessLogic.dll" publishTime="09/13/2011 19:24:17" />
    <file relUrl="bin/AmericanExpress.GWiz.Util.DataAccessHelper.pdb" publishTime="09/13/2011 19:24:08" />
    <file relUrl="bin/AmericanExpress.GWiz.Service.ServiceContract.dll" publishTime="09/13/2011 19:24:00" />
    <file relUrl="bin/AmericanExpress.GWiz.Util.DBSchemaHelper.pdb" publishTime="09/13/2011 19:24:09" />
    <file relUrl="bin/AmericanExpress.GWiz.BusinessInterface.dll" publishTime="09/13/2011 19:24:01" />
  </publishTarget>
  <publishTarget publishUrl="C:\Documents and Settings\Rahul.Saxena\Desktop\PUBLIS_13Sept2011\Service\">
    <file relUrl="bin/AmericanExpress.GWiz.Util.DataAccessHelper.dll" publishTime="09/13/2011 09:43:08" />
    <file relUrl="bin/AmericanExpress.GWiz.BusinessEntities.dll" publishTime="09/13/2011 09:43:39" />
    <file relUrl="bin/AmericanExpress.Util.Logging.dll" publishTime="10/28/2010 13:10:06" />
    <file relUrl="bin/AmericanExpress.GWiz.BusinessEntities.pdb" publishTime="09/13/2011 09:43:39" />
    <file relUrl="Web.config" publishTime="09/12/2011 12:51:10" />
    <file relUrl="bin/AmericanExpress.GWiz.GWizService.dll" publishTime="09/13/2011 09:43:51" />
    <file relUrl="bin/AmericanExpress.GWiz.Service.DataContracts.pdb" publishTime="09/13/2011 09:43:37" />
    <file relUrl="bin/AmericanExpress.Util.RDBMSServices.dll" publishTime="10/28/2010 13:09:24" />
    <file relUrl="bin/AmericanExpress.GWiz.Util.DBSchemaHelper.dll" publishTime="09/13/2011 09:43:08" />
    <file relUrl="bin/AmericanExpress.GWiz.Service.ServiceContract.pdb" publishTime="09/13/2011 09:43:42" />
    <file relUrl="bin/AmericanExpress.GWiz.Service.ServiceImplimentation.pdb" publishTime="09/13/2011 09:43:48" />
    <file relUrl="Service.svc" publishTime="10/11/2010 09:47:42" />
    <file relUrl="bin/AmericanExpress.GWiz.Utilities.ExceptionMgmt.dll" publishTime="09/13/2011 09:43:45" />
    <file relUrl="bin/AmericanExpress.GWiz.Utilities.ExceptionMgmt.pdb" publishTime="09/13/2011 09:43:45" />
    <file relUrl="bin/AmericanExpress.GWiz.Utilities.DependencyInjector.pdb" publishTime="09/13/2011 09:43:44" />
    <file relUrl="bin/AmericanExpress.GWiz.BusinessInterface.pdb" publishTime="09/13/2011 09:43:43" />
    <file relUrl="bin/AmericanExpress.GWiz.Utilities.DependencyInjector.dll" publishTime="09/13/2011 09:43:44" />
    <file relUrl="bin/AmericanExpress.GWiz.BusinessLogic.pdb" publishTime="09/13/2011 09:43:15" />
    <file relUrl="bin/AmericanExpress.GWiz.Service.ServiceImplimentation.dll" publishTime="09/13/2011 09:43:48" />
    <file relUrl="bin/AmericanExpress.GWiz.GWizService.pdb" publishTime="09/13/2011 09:43:51" />
    <file relUrl="bin/GWiz_Service.dll" publishTime="11/19/2010 12:53:45" />
    <file relUrl="bin/AmericanExpress.GWiz.Service.MessageContracts.dll" publishTime="09/13/2011 09:43:41" />
    <file relUrl="bin/AmericanExpress.GWiz.Service.DataContracts.dll" publishTime="09/13/2011 09:43:37" />
    <file relUrl="bin/AmericanExpress.GWiz.Utilities.Diagnostics.pdb" publishTime="09/13/2011 09:43:39" />
    <file relUrl="bin/AmericanExpress.GWiz.Utilities.Diagnostics.dll" publishTime="09/13/2011 09:43:39" />
    <file relUrl="bin/AmericanExpress.GWiz.Service.MessageContracts.pdb" publishTime="09/13/2011 09:43:41" />
    <file relUrl="bin/AmericanExpress.GWiz.BusinessLogic.dll" publishTime="09/13/2011 09:43:15" />
    <file relUrl="bin/AmericanExpress.GWiz.Util.DataAccessHelper.pdb" publishTime="09/13/2011 09:43:08" />
    <file relUrl="bin/AmericanExpress.GWiz.Service.ServiceContract.dll" publishTime="09/13/2011 09:43:43" />
    <file relUrl="bin/AmericanExpress.GWiz.Util.DBSchemaHelper.pdb" publishTime="09/13/2011 09:43:08" />
    <file relUrl="bin/AmericanExpress.GWiz.BusinessInterface.dll" publishTime="09/13/2011 09:43:44" />
  </publishTarget>
  <publishTarget publishUrl="C:\Documents and Settings\Rahul.Saxena\Desktop\PUBLISH_12Sept2011\Service\">
    <file relUrl="bin/AmericanExpress.GWiz.Util.DataAccessHelper.dll" publishTime="09/12/2011 21:09:46" />
    <file relUrl="bin/AmericanExpress.GWiz.BusinessEntities.dll" publishTime="09/12/2011 21:09:33" />
    <file relUrl="bin/AmericanExpress.Util.Logging.dll" publishTime="10/28/2010 13:10:06" />
    <file relUrl="bin/GWiz_Service.dll" publishTime="11/19/2010 12:53:45" />
    <file relUrl="Web.config" publishTime="09/12/2011 12:51:10" />
    <file relUrl="bin/AmericanExpress.GWiz.GWizService.dll" publishTime="09/12/2011 21:09:44" />
    <file relUrl="bin/AmericanExpress.GWiz.Service.DataContracts.pdb" publishTime="09/12/2011 21:09:31" />
    <file relUrl="bin/AmericanExpress.Util.RDBMSServices.dll" publishTime="10/28/2010 13:09:24" />
    <file relUrl="bin/AmericanExpress.GWiz.Util.DBSchemaHelper.dll" publishTime="09/12/2011 21:09:48" />
    <file relUrl="bin/AmericanExpress.GWiz.Service.ServiceContract.pdb" publishTime="09/12/2011 21:09:36" />
    <file relUrl="bin/AmericanExpress.GWiz.Service.ServiceImplimentation.pdb" publishTime="09/12/2011 21:09:41" />
    <file relUrl="Service.svc" publishTime="10/11/2010 09:47:42" />
    <file relUrl="bin/AmericanExpress.GWiz.Utilities.ExceptionMgmt.dll" publishTime="09/12/2011 21:09:39" />
    <file relUrl="bin/AmericanExpress.GWiz.Utilities.ExceptionMgmt.pdb" publishTime="09/12/2011 21:09:39" />
    <file relUrl="bin/AmericanExpress.GWiz.Utilities.DependencyInjector.pdb" publishTime="09/12/2011 21:09:38" />
    <file relUrl="bin/AmericanExpress.GWiz.BusinessInterface.pdb" publishTime="09/12/2011 21:09:38" />
    <file relUrl="bin/AmericanExpress.GWiz.Utilities.DependencyInjector.dll" publishTime="09/12/2011 21:09:38" />
    <file relUrl="bin/AmericanExpress.GWiz.BusinessLogic.pdb" publishTime="09/12/2011 21:09:59" />
    <file relUrl="bin/AmericanExpress.GWiz.Service.ServiceImplimentation.dll" publishTime="09/12/2011 21:09:41" />
    <file relUrl="bin/AmericanExpress.GWiz.GWizService.pdb" publishTime="09/12/2011 21:09:44" />
    <file relUrl="bin/AmericanExpress.Util.CommonUtilities.dll" publishTime="10/28/2010 13:09:24" />
    <file relUrl="bin/AmericanExpress.GWiz.Service.MessageContracts.dll" publishTime="09/12/2011 21:09:36" />
    <file relUrl="bin/AmericanExpress.GWiz.Service.DataContracts.dll" publishTime="09/12/2011 21:09:31" />
    <file relUrl="bin/AmericanExpress.GWiz.Utilities.Diagnostics.pdb" publishTime="09/12/2011 21:09:34" />
    <file relUrl="bin/AmericanExpress.GWiz.Utilities.Diagnostics.dll" publishTime="09/12/2011 21:09:34" />
    <file relUrl="bin/AmericanExpress.GWiz.BusinessEntities.pdb" publishTime="09/12/2011 21:09:33" />
    <file relUrl="bin/AmericanExpress.GWiz.Service.MessageContracts.pdb" publishTime="09/12/2011 21:09:35" />
    <file relUrl="bin/AmericanExpress.GWiz.BusinessLogic.dll" publishTime="09/12/2011 21:10:00" />
    <file relUrl="bin/AmericanExpress.GWiz.Util.DataAccessHelper.pdb" publishTime="09/12/2011 21:09:46" />
    <file relUrl="bin/AmericanExpress.GWiz.Service.ServiceContract.dll" publishTime="09/12/2011 21:09:37" />
    <file relUrl="bin/AmericanExpress.GWiz.Util.DBSchemaHelper.pdb" publishTime="09/12/2011 21:09:48" />
    <file relUrl="bin/AmericanExpress.GWiz.BusinessInterface.dll" publishTime="09/12/2011 21:09:38" />
  </publishTarget>
  <publishTarget publishUrl="C:\Documents and Settings\Rahul.Saxena\Desktop\GWIZ\Service\">
    <file relUrl="bin/AmericanExpress.GWiz.Util.DataAccessHelper.dll" publishTime="09/09/2011 18:10:15" />
    <file relUrl="bin/AmericanExpress.GWiz.BusinessEntities.dll" publishTime="09/09/2011 18:10:02" />
    <file relUrl="bin/AmericanExpress.Util.Logging.dll" publishTime="10/28/2010 13:10:06" />
    <file relUrl="bin/GWiz_Service.dll" publishTime="11/19/2010 12:53:45" />
    <file relUrl="Web.config" publishTime="09/08/2011 15:17:16" />
    <file relUrl="bin/AmericanExpress.GWiz.GWizService.dll" publishTime="09/09/2011 18:10:13" />
    <file relUrl="bin/AmericanExpress.GWiz.Service.DataContracts.pdb" publishTime="09/09/2011 18:10:00" />
    <file relUrl="bin/AmericanExpress.Util.RDBMSServices.dll" publishTime="10/28/2010 13:09:24" />
    <file relUrl="bin/AmericanExpress.GWiz.Util.DBSchemaHelper.dll" publishTime="09/09/2011 18:10:15" />
    <file relUrl="bin/AmericanExpress.GWiz.Service.ServiceContract.pdb" publishTime="09/09/2011 18:10:06" />
    <file relUrl="bin/AmericanExpress.GWiz.Service.ServiceImplimentation.pdb" publishTime="09/09/2011 18:10:10" />
    <file relUrl="Service.svc" publishTime="10/11/2010 09:47:42" />
    <file relUrl="bin/AmericanExpress.GWiz.Utilities.ExceptionMgmt.dll" publishTime="09/09/2011 18:10:08" />
    <file relUrl="bin/AmericanExpress.GWiz.Utilities.ExceptionMgmt.pdb" publishTime="09/09/2011 18:10:08" />
    <file relUrl="bin/AmericanExpress.GWiz.Utilities.DependencyInjector.pdb" publishTime="09/09/2011 18:10:07" />
    <file relUrl="bin/AmericanExpress.GWiz.BusinessInterface.pdb" publishTime="09/09/2011 18:10:06" />
    <file relUrl="bin/AmericanExpress.GWiz.Utilities.DependencyInjector.dll" publishTime="09/09/2011 18:10:07" />
    <file relUrl="bin/AmericanExpress.GWiz.BusinessLogic.pdb" publishTime="09/09/2011 18:10:25" />
    <file relUrl="bin/AmericanExpress.GWiz.Service.ServiceImplimentation.dll" publishTime="09/09/2011 18:10:10" />
    <file relUrl="bin/AmericanExpress.GWiz.GWizService.pdb" publishTime="09/09/2011 18:10:13" />
    <file relUrl="bin/AmericanExpress.Util.CommonUtilities.dll" publishTime="10/28/2010 13:09:24" />
    <file relUrl="bin/AmericanExpress.GWiz.Service.MessageContracts.dll" publishTime="09/09/2011 18:10:05" />
    <file relUrl="bin/AmericanExpress.GWiz.Service.DataContracts.dll" publishTime="09/09/2011 18:10:00" />
    <file relUrl="bin/AmericanExpress.GWiz.Utilities.Diagnostics.pdb" publishTime="09/09/2011 18:10:02" />
    <file relUrl="bin/AmericanExpress.GWiz.Utilities.Diagnostics.dll" publishTime="09/09/2011 18:10:03" />
    <file relUrl="bin/AmericanExpress.GWiz.BusinessEntities.pdb" publishTime="09/09/2011 18:10:02" />
    <file relUrl="bin/AmericanExpress.GWiz.Service.MessageContracts.pdb" publishTime="09/09/2011 18:10:04" />
    <file relUrl="bin/AmericanExpress.GWiz.BusinessLogic.dll" publishTime="09/09/2011 18:10:26" />
    <file relUrl="bin/AmericanExpress.GWiz.Util.DataAccessHelper.pdb" publishTime="09/09/2011 18:10:14" />
    <file relUrl="bin/AmericanExpress.GWiz.Service.ServiceContract.dll" publishTime="09/09/2011 18:10:06" />
    <file relUrl="bin/AmericanExpress.GWiz.Util.DBSchemaHelper.pdb" publishTime="09/09/2011 18:10:15" />
    <file relUrl="bin/AmericanExpress.GWiz.BusinessInterface.dll" publishTime="09/09/2011 18:10:07" />
  </publishTarget>
  <publishTarget publishUrl="C:\Documents and Settings\Rahul.Saxena\Desktop\PUBLISH\">
    <file relUrl="bin/AmericanExpress.GWiz.Util.DataAccessHelper.dll" publishTime="06/01/2011 12:07:36" />
    <file relUrl="bin/AmericanExpress.GWiz.BusinessEntities.dll" publishTime="06/01/2011 12:07:23" />
    <file relUrl="bin/AmericanExpress.Util.Logging.dll" publishTime="10/28/2010 13:10:06" />
    <file relUrl="bin/AmericanExpress.GWiz.Service.ServiceImplimentation.dll" publishTime="06/01/2011 14:36:43" />
    <file relUrl="bin/GWiz_Service.dll" publishTime="11/19/2010 12:53:45" />
    <file relUrl="Web.config" publishTime="06/01/2011 12:06:23" />
    <file relUrl="bin/AmericanExpress.GWiz.GWizService.dll" publishTime="06/01/2011 14:36:45" />
    <file relUrl="bin/AmericanExpress.GWiz.Service.DataContracts.pdb" publishTime="06/01/2011 12:07:22" />
    <file relUrl="bin/AmericanExpress.Util.RDBMSServices.dll" publishTime="10/28/2010 13:09:24" />
    <file relUrl="bin/AmericanExpress.GWiz.Service.ServiceContract.pdb" publishTime="06/01/2011 12:07:26" />
    <file relUrl="Service.svc" publishTime="10/11/2010 09:47:42" />
    <file relUrl="bin/AmericanExpress.GWiz.Utilities.ExceptionMgmt.dll" publishTime="06/01/2011 14:36:41" />
    <file relUrl="bin/AmericanExpress.GWiz.Utilities.ExceptionMgmt.pdb" publishTime="06/01/2011 14:36:41" />
    <file relUrl="bin/AmericanExpress.GWiz.Utilities.DependencyInjector.pdb" publishTime="06/01/2011 12:07:28" />
    <file relUrl="bin/AmericanExpress.GWiz.BusinessInterface.pdb" publishTime="06/01/2011 12:07:28" />
    <file relUrl="bin/AmericanExpress.GWiz.Service.MessageContracts.dll" publishTime="06/01/2011 12:07:25" />
    <file relUrl="bin/AmericanExpress.GWiz.BusinessLogic.pdb" publishTime="06/01/2011 14:36:52" />
    <file relUrl="bin/AmericanExpress.GWiz.Utilities.DependencyInjector.dll" publishTime="06/01/2011 12:07:28" />
    <file relUrl="bin/AmericanExpress.GWiz.GWizService.pdb" publishTime="06/01/2011 14:36:45" />
    <file relUrl="bin/AmericanExpress.Util.CommonUtilities.dll" publishTime="10/28/2010 13:09:24" />
    <file relUrl="bin/AmericanExpress.GWiz.Service.ServiceImplimentation.pdb" publishTime="06/01/2011 14:36:43" />
    <file relUrl="bin/AmericanExpress.GWiz.Service.DataContracts.dll" publishTime="06/01/2011 12:07:22" />
    <file relUrl="bin/AmericanExpress.GWiz.Utilities.Diagnostics.pdb" publishTime="06/01/2011 14:36:39" />
    <file relUrl="bin/AmericanExpress.GWiz.Utilities.Diagnostics.dll" publishTime="06/01/2011 14:36:40" />
    <file relUrl="bin/AmericanExpress.GWiz.BusinessEntities.pdb" publishTime="06/01/2011 12:07:23" />
    <file relUrl="bin/AmericanExpress.GWiz.Service.MessageContracts.pdb" publishTime="06/01/2011 12:07:25" />
    <file relUrl="bin/AmericanExpress.GWiz.BusinessLogic.dll" publishTime="06/01/2011 14:36:52" />
    <file relUrl="bin/AmericanExpress.GWiz.Util.DataAccessHelper.pdb" publishTime="06/01/2011 12:07:36" />
    <file relUrl="bin/AmericanExpress.GWiz.Util.DBSchemaHelper.dll" publishTime="06/01/2011 12:07:37" />
    <file relUrl="bin/AmericanExpress.GWiz.Service.ServiceContract.dll" publishTime="06/01/2011 12:07:27" />
    <file relUrl="bin/AmericanExpress.GWiz.Util.DBSchemaHelper.pdb" publishTime="06/01/2011 12:07:36" />
    <file relUrl="bin/AmericanExpress.GWiz.BusinessInterface.dll" publishTime="06/01/2011 12:07:28" />
  </publishTarget>
</publishData>