﻿<?xml version="1.0" encoding="utf-8" ?>
<Menus>
  <Menu name="Home" id="menuHome" class="first" href="../LocationMode.aspx" >
  </Menu>
  <Menu name="Master Management" id="menuMaster" class="second" href="#" STYLE="z-index: 1" >
    <Submenu style="width:145px;" href="../SearchCarrier.aspx"> Carrier Master</Submenu>
    <Submenu style="width:145px;" href="../SearchClient.aspx"> Client Master</Submenu>
    <Submenu style="width:145px;" href="../SearchAccount.aspx"> Account Master</Submenu>
    <Submenu style="width:145px;" href="../SearchCountry.aspx"> Country Master</Submenu>
    <Submenu style="width:145px;" href="../SearchCity.aspx"> City Master</Submenu>
    <Submenu style="width:145px;" href="../AccMapping.aspx">Account Mapping</Submenu>
    <Submenu style="width:145px;" href="../CountryMapping.aspx">Country Mapping</Submenu>
    <Submenu style="width:145px;" href="../CityMapping.aspx">City Mapping</Submenu>
    <!--<Submenu style="width:145px;" href="test1.aspx" >> Just to test</Submenu>
    <Submenu style="width:145px;" href="test2.aspx" >> Just to test1</Submenu>-->    
  </Menu>
  <Menu name="Data Management"  id="menuContent" class="third" href="#" STYLE="z-index: -1">
    <Submenu style="width:132px;" href="../Reports/GWizAdminReport.aspx" > Search Content</Submenu>
    <!--<Submenu style="width:132px;" href="../Reports/GWizBrokenLinkReport.aspx" > Broken Link</Submenu>-->
    <Submenu style="width:132px;" href="../Reports/GWizFeedbackReport.aspx" > Feedback</Submenu>
    <Submenu style="width:132px;" href="../Reports/ClientDeploymentReport.aspx" >Client deployment report</Submenu>
    <Submenu style="width:132px;" href="../Reports/ClientUsageReport.aspx" >Client usage report</Submenu>
    <Submenu style="width:132px;" href="../UploadFiles.aspx" >Client upload utility</Submenu>
    <!--<Submenu style="width:140px;" href="~/SavingSummary.aspx" >Sanjeev</Submenu>
    <Submenu  style="width:140px;" href="~/SavingSummary.aspx" >Neeraj</Submenu>-->
  </Menu>
    <Menu name="User Management" id="menuUser" class="fourth" href="#" >
      <Submenu style="width:129px;" href="../SearchUser.aspx" > User Master</Submenu>
    
    <!--<Submenu style="width:140px;" href="~/SavingSummary.aspx" >Accounts With Contents</Submenu>
    <Submenu style="width:140px;" href="~/SavingSummary.aspx" >Countries With Contents</Submenu>
    <Submenu Style="width:140px;" href="~/SavingSummary.aspx" >Citys With Contents</Submenu>-->
  </Menu>
  <Menu name="UI Configuration"  id="menuConfig" class="fifth" href="#" >
    <Submenu style="width:132px;" href="../AggregationRule.aspx"> Aggregation</Submenu>
    <!--<Submenu Style="width:140px;" href="~/SavingSummary.aspx" >Akshaya</Submenu>
    <Submenu Style="width:140px;" href="~/SavingSummary.aspx" >Sanjeev</Submenu>
    <Submenu  Style="width:140px;" href="~/SavingSummary.aspx" >Neeraj</Submenu>-->
  </Menu>
  <Menu name="Content Search"  id="menuSearch" class="fifth" href="#" >
    <Submenu style="width:116px;" href="../ContentSearch.aspx">Content Search</Submenu>
    <!--<Submenu Style="width:140px;" href="~/SavingSummary.aspx" >Akshaya</Submenu>
    <Submenu Style="width:140px;" href="~/SavingSummary.aspx" >Sanjeev</Submenu>
    <Submenu  Style="width:140px;" href="~/SavingSummary.aspx" >Neeraj</Submenu>-->
  </Menu>
</Menus>
