<publishData>
  <publishTarget publishUrl="E:\WebClient\">
    <file relUrl="Images/defaultBulletSelected.gif" publishTime="03/30/2010 21:40:09" />
    <file relUrl="Images/ppt.JPG" publishTime="03/30/2010 21:40:10" />
    <file relUrl="bin/AmericanExpress.GWiz.Utilities.ExceptionMgmt.pdb" publishTime="03/31/2010 10:39:59" />
    <file relUrl="Images/binocular.gif" publishTime="03/30/2010 21:40:09" />
    <file relUrl="Images/catTitleLeft.gif" publishTime="03/30/2010 21:40:09" />
    <file relUrl="Images/add.gif" publishTime="03/30/2010 21:40:08" />
    <file relUrl="Css/csshorizontalmenu.css" publishTime="03/31/2010 21:59:08" />
    <file relUrl="Images/cross.jpg" publishTime="03/30/2010 21:40:09" />
    <file relUrl="bin/Css/csshorizontalmenu.css" publishTime="03/31/2010 21:59:08" />
    <file relUrl="Images/defaultBullet.gif" publishTime="03/30/2010 21:40:09" />
    <file relUrl="Images/c.gif" publishTime="03/30/2010 21:40:09" />
    <file relUrl="Images/c_catold.GIF" publishTime="03/30/2010 21:40:09" />
    <file relUrl="bin/AmericanExpress.GWiz.ModelClient.dll" publishTime="03/31/2010 22:54:44" />
    <file relUrl="Images/C_Excel.png" publishTime="03/30/2010 21:40:09" />
    <file relUrl="Images/blueBoxBotRight.gif" publishTime="03/30/2010 21:40:09" />
    <file relUrl="Images/gwizIcon.JPG" publishTime="03/30/2010 21:40:09" />
    <file relUrl="Images/alertIcon.gif" publishTime="03/30/2010 21:40:08" />
    <file relUrl="Images/CBotBg.gif" publishTime="03/30/2010 21:40:09" />
    <file relUrl="Images/GWFeedBack.png" publishTime="03/30/2010 21:40:09" />
    <file relUrl="Images/excel.JPG" publishTime="03/30/2010 21:40:09" />
    <file relUrl="Images/CTopLeft.gif" publishTime="03/30/2010 21:40:09" />
    <file relUrl="Css/style.css" publishTime="03/31/2010 22:27:13" />
    <file relUrl="ExternalSearch.aspx" publishTime="03/31/2010 14:33:53" />
    <file relUrl="Images/gradientBg.gif" publishTime="03/30/2010 21:40:09" />
    <file relUrl="Images/radioOptionLeft.gif" publishTime="03/30/2010 21:40:10" />
    <file relUrl="Images/min.jpg" publishTime="03/30/2010 21:40:10" />
    <file relUrl="Lib/savingOpp.js" publishTime="03/31/2010 22:18:45" />
    <file relUrl="Images/C_pdf.png" publishTime="03/30/2010 21:40:09" />
    <file relUrl="Images/dot.gif" publishTime="03/30/2010 21:40:09" />
    <file relUrl="Images/disable.jpg" publishTime="03/30/2010 21:40:09" />
    <file relUrl="Images/headingLeft.jpg" publishTime="03/30/2010 21:40:10" />
    <file relUrl="Images/catBoxBLeft.gif" publishTime="03/30/2010 21:40:09" />
    <file relUrl="Images/C_ppt.png" publishTime="03/30/2010 21:40:09" />
    <file relUrl="Images/blueBoxTop.gif" publishTime="03/30/2010 21:40:09" />
    <file relUrl="Images/catTitleRight.gif" publishTime="03/30/2010 21:40:09" />
    <file relUrl="Css/lookNfeel.css" publishTime="03/31/2010 14:33:20" />
    <file relUrl="Images/C_jpg.png" publishTime="03/30/2010 21:40:09" />
    <file relUrl="Images/calendar.png" publishTime="03/30/2010 21:40:09" />
    <file relUrl="Images/pin_down.png" publishTime="03/30/2010 21:40:10" />
    <file relUrl="Images/catBoxBBg.gif" publishTime="03/30/2010 21:40:09" />
    <file relUrl="Images/eventAdd.gif" publishTime="03/30/2010 21:40:09" />
    <file relUrl="Images/c_cat.gif" publishTime="03/30/2010 21:40:09" />
    <file relUrl="Images/topHeaderLeft.png" publishTime="03/30/2010 21:40:10" />
    <file relUrl="Images/SkinGWiz1.PNG" publishTime="03/30/2010 21:40:10" />
    <file relUrl="Lib/csshorizontalmenu.js" publishTime="03/31/2010 22:17:32" />
    <file relUrl="bin/AmericanExpress.Util.Logging.dll" publishTime="12/14/2009 10:00:24" />
    <file relUrl="Images/footerBg.jpg" publishTime="03/30/2010 21:40:09" />
    <file relUrl="Images/pin_up.png" publishTime="03/30/2010 21:40:10" />
    <file relUrl="Images/feedbackMouse.GIF" publishTime="03/30/2010 21:40:09" />
    <file relUrl="Images/language.JPG" publishTime="03/30/2010 21:40:10" />
    <file relUrl="XSL/G-Wiz.xslt" publishTime="03/30/2010 21:40:11" />
    <file relUrl="Images/CBotLeft.gif" publishTime="03/30/2010 21:40:09" />
    <file relUrl="Images/CBotRight.gif" publishTime="03/30/2010 21:40:09" />
    <file relUrl="Images/C_bmp.png" publishTime="03/30/2010 21:40:09" />
    <file relUrl="Images/layError.jpg" publishTime="03/30/2010 21:40:10" />
    <file relUrl="Images/header_saving-SO.jpg" publishTime="03/30/2010 21:40:10" />
    <file relUrl="Images/buttonBgM.gif" publishTime="03/30/2010 21:40:09" />
    <file relUrl="Images/content_bg_top.gif" publishTime="03/30/2010 21:40:09" />
    <file relUrl="Images/favicon.ico" publishTime="03/30/2010 21:40:09" />
    <file relUrl="Images/C_Cross.gif" publishTime="03/30/2010 21:40:09" />
    <file relUrl="Images/clear.png" publishTime="03/30/2010 21:40:09" />
    <file relUrl="Images/globalcatold.gif" publishTime="03/30/2010 21:40:09" />
    <file relUrl="Images/C_Cross.png" publishTime="03/30/2010 21:40:09" />
    <file relUrl="Images/g-Wiz!.jpg" publishTime="03/30/2010 21:40:09" />
    <file relUrl="Images/tabBg.gif" publishTime="03/30/2010 21:40:10" />
    <file relUrl="Images/headingRightSelect.jpg" publishTime="03/30/2010 21:40:10" />
    <file relUrl="Images/explorer.JPG" publishTime="03/30/2010 21:40:09" />
    <file relUrl="Images/buttonBg.gif" publishTime="03/30/2010 21:40:09" />
    <file relUrl="Images/btmImg.gif" publishTime="03/30/2010 21:40:09" />
    <file relUrl="Images/33-1.gif" publishTime="03/30/2010 21:40:08" />
    <file relUrl="Images/CTopRight.gif" publishTime="03/30/2010 21:40:09" />
    <file relUrl="Images/Down1Orange.png" publishTime="03/30/2010 21:40:09" />
    <file relUrl="Images/plusBulletSelected.gif" publishTime="03/30/2010 21:40:10" />
    <file relUrl="Images/enable.JPG" publishTime="03/30/2010 21:40:09" />
    <file relUrl="Images/content_bg_bottom.gif" publishTime="03/30/2010 21:40:09" />
    <file relUrl="Images/blueBoxTopRight.gif" publishTime="03/30/2010 21:40:09" />
    <file relUrl="Images/sort.gif" publishTime="03/30/2010 21:40:10" />
    <file relUrl="Images/menuBg.gif" publishTime="03/30/2010 21:40:10" />
    <file relUrl="Images/view.gif" publishTime="03/30/2010 21:40:10" />
    <file relUrl="Images/headingLeftSelect.jpg" publishTime="03/30/2010 21:40:10" />
    <file relUrl="Images/plusBullet.gif" publishTime="03/30/2010 21:40:10" />
    <file relUrl="Images/header.jpg" publishTime="03/30/2010 21:40:10" />
    <file relUrl="Images/catBoxBRight.gif" publishTime="03/30/2010 21:40:09" />
    <file relUrl="Images/footerRight.jpg" publishTime="03/30/2010 21:40:09" />
    <file relUrl="Images/background.jpg" publishTime="03/30/2010 21:40:09" />
    <file relUrl="Images/bg.gif" publishTime="03/30/2010 21:40:09" />
    <file relUrl="Images/c_cat.png" publishTime="03/30/2010 21:40:09" />
    <file relUrl="Images/C_text.png" publishTime="03/30/2010 21:40:09" />
    <file relUrl="Images/menuBgNew.gif" publishTime="03/30/2010 21:40:10" />
    <file relUrl="Images/pinup.jpg" publishTime="03/30/2010 21:40:10" />
    <file relUrl="Images/delete.gif" publishTime="03/30/2010 21:40:09" />
    <file relUrl="Images/search_btn.jpg" publishTime="03/30/2010 21:40:10" />
    <file relUrl="Images/C_explorer.png" publishTime="03/30/2010 21:40:09" />
    <file relUrl="Images/mailSent1.png" publishTime="03/30/2010 21:40:10" />
    <file relUrl="Images/C_winword.png" publishTime="03/30/2010 21:40:09" />
    <file relUrl="Images/application.JPG" publishTime="03/30/2010 21:40:09" />
    <file relUrl="Images/minus.gif" publishTime="03/30/2010 21:40:10" />
    <file relUrl="Images/download.JPG" publishTime="03/30/2010 21:40:09" />
    <file relUrl="Images/C_avi.png" publishTime="03/30/2010 21:40:09" />
    <file relUrl="Images/GWizLogo.jpg" publishTime="03/30/2010 21:40:09" />
    <file relUrl="Images/addcat.jpg" publishTime="03/30/2010 21:40:08" />
    <file relUrl="Images/plus.gif" publishTime="03/30/2010 21:40:10" />
    <file relUrl="Images/menuOptionBgR.gif" publishTime="03/30/2010 21:40:10" />
    <file relUrl="Images/carriercat.png" publishTime="03/30/2010 21:40:09" />
    <file relUrl="Images/pdf.JPG" publishTime="03/30/2010 21:40:10" />
    <file relUrl="Images/radioOptionRight.gif" publishTime="03/30/2010 21:40:10" />
    <file relUrl="Images/dotRt.gif" publishTime="03/30/2010 21:40:09" />
    <file relUrl="Images/feed.gif" publishTime="03/30/2010 21:40:09" />
    <file relUrl="Images/menuOptionBgL.gif" publishTime="03/30/2010 21:40:10" />
    <file relUrl="Images/topHeaderRight.png" publishTime="03/30/2010 21:40:10" />
    <file relUrl="Images/SkinGWiz.png" publishTime="03/30/2010 21:40:10" />
    <file relUrl="Images/bg.jpg" publishTime="03/30/2010 21:40:09" />
    <file relUrl="Images/close.jpg" publishTime="03/30/2010 21:40:09" />
    <file relUrl="Images/feedback.gif" publishTime="03/30/2010 21:40:09" />
    <file relUrl="Images/images.jpg" publishTime="03/30/2010 21:40:10" />
    <file relUrl="Images/text.JPG" publishTime="03/30/2010 21:40:10" />
    <file relUrl="Images/CTBG.gif" publishTime="03/30/2010 21:40:09" />
    <file relUrl="Images/eventEdit.gif" publishTime="03/30/2010 21:40:09" />
    <file relUrl="Images/header_saving.jpg" publishTime="03/30/2010 21:40:10" />
    <file relUrl="Images/GWiz.png" publishTime="03/30/2010 21:40:09" />
    <file relUrl="Images/transparent.gif" publishTime="03/30/2010 21:40:10" />
    <file relUrl="Images/mailSent.gif" publishTime="03/30/2010 21:40:10" />
    <file relUrl="bin/AmericanExpress.GWiz.GWizClientWeb.pdb" publishTime="03/31/2010 22:54:45" />
    <file relUrl="Images/minimize.jpg" publishTime="03/30/2010 21:40:10" />
    <file relUrl="bin/AmericanExpress.GWiz.Utilities.Diagnostics.pdb" publishTime="03/31/2010 10:39:56" />
    <file relUrl="Images/menuOptionBg.gif" publishTime="03/30/2010 21:40:10" />
    <file relUrl="GWizClientWeb.aspx" publishTime="03/30/2010 21:40:08" />
    <file relUrl="bin/AmericanExpress.GWiz.Utilities.Diagnostics.dll" publishTime="03/31/2010 10:39:56" />
    <file relUrl="Images/GWAdminBg.jpg" publishTime="03/30/2010 21:40:09" />
    <file relUrl="Images/tabBgCurrent.gif" publishTime="03/30/2010 21:40:10" />
    <file relUrl="ContentSearch.aspx" publishTime="03/31/2010 14:33:35" />
    <file relUrl="Images/globeIcon.JPG" publishTime="03/30/2010 21:40:09" />
    <file relUrl="Images/headingRight.jpg" publishTime="03/30/2010 21:40:10" />
    <file relUrl="Images/calendar.gif" publishTime="03/30/2010 21:40:09" />
    <file relUrl="MasterPages/GWiz.Master" publishTime="03/31/2010 22:54:40" />
    <file relUrl="Images/edit.gif" publishTime="03/30/2010 21:40:09" />
    <file relUrl="bin/AmericanExpress.GWiz.Utilities.ExceptionMgmt.dll" publishTime="03/31/2010 10:40:00" />
    <file relUrl="Images/blueBoxBot.gif" publishTime="03/30/2010 21:40:09" />
    <file relUrl="Images/pindown.jpg" publishTime="03/30/2010 21:40:10" />
    <file relUrl="Images/mailSent.png" publishTime="03/30/2010 21:40:10" />
    <file relUrl="Images/headingBg.jpg" publishTime="03/30/2010 21:40:10" />
    <file relUrl="bin/AmericanExpress.GWiz.GWizClientWeb.dll" publishTime="03/31/2010 22:54:46" />
    <file relUrl="Images/mailSent2.png" publishTime="03/30/2010 21:40:10" />
    <file relUrl="Images/find.jpg" publishTime="03/30/2010 21:40:09" />
    <file relUrl="Images/expand.jpg" publishTime="03/30/2010 21:40:09" />
    <file relUrl="Images/refresh.png" publishTime="03/30/2010 21:40:10" />
    <file relUrl="Images/close.gif" publishTime="03/30/2010 21:40:09" />
    <file relUrl="Images/footerLeft.jpg" publishTime="03/30/2010 21:40:09" />
    <file relUrl="Images/minusBullet.gif" publishTime="03/30/2010 21:40:10" />
    <file relUrl="Images/eventDelete.gif" publishTime="03/30/2010 21:40:09" />
    <file relUrl="Images/sortTop.gif" publishTime="03/30/2010 21:40:10" />
    <file relUrl="Images/htmlEditor.gif" publishTime="03/30/2010 21:40:10" />
    <file relUrl="App_Data/Menu.xml" publishTime="03/31/2010 21:54:35" />
    <file relUrl="Images/globalcat.png" publishTime="03/30/2010 21:40:09" />
    <file relUrl="XSL/G-Wiz Search.xslt" publishTime="03/30/2010 21:40:11" />
    <file relUrl="Images/minusBulletSelected.gif" publishTime="03/30/2010 21:40:10" />
    <file relUrl="bin/AmericanExpress.GWiz.ModelClient.pdb" publishTime="03/31/2010 22:54:44" />
    <file relUrl="Images/Amex_Logo.JPG" publishTime="03/30/2010 21:40:09" />
    <file relUrl="Images/configIcon.JPG" publishTime="03/30/2010 21:40:09" />
    <file relUrl="Images/addfileurl.jpg" publishTime="03/30/2010 21:40:08" />
    <file relUrl="Images/topHeaderBg.png" publishTime="03/30/2010 21:40:10" />
    <file relUrl="Images/Up1Orange.png" publishTime="03/30/2010 21:40:10" />
    <file relUrl="Web.config" publishTime="03/31/2010 12:22:33" />
  </publishTarget>
</publishData>